{
  "page_number": 15,
  "text": " \n \n10 \n \n \n \n",
  "tables": [],
  "italic_text": [],
  "dimensions": {
    "width": 595.3200073242188,
    "height": 841.9199829101562
  }
}